time,vs,dvs,hs,dist,alt,ang,weight,acc,fuel
1,25.53276235,24,932,-932,13722.46724,58.3,285.8446,1.542796331,120.8446
2,25.45482897,24,930.6873717,-1862.687372,13697.01241,58.3,285.6262169,2.169744225,120.6262169
3,25.04870465,24,928.8413293,-2791.528701,13671.9637,58.3,285.4078338,2.17140443,120.4078338
4,24.64346927,24,926.9938742,-3718.522575,13647.32023,58.3,285.1894507,2.173067177,120.1894507
5,24.23912286,24,925.1450045,-4643.66758,13623.08111,58.3,284.9710676,2.174732473,119.9710676
6,23.83566542,24,923.294718,-5566.962298,13599.24545,58.3,284.7526845,2.176400323,119.7526845
7,23.43309697,24,921.4430124,-6488.40531,13575.81235,58.3,284.5342027,2.17905558,119.5342027
8,23.03089999,24,919.5890477,-7407.994358,13552.78145,58.3,284.32265,2.111517435,119.32265
9,22.6659613,24,917.7925452,-8325.786903,13530.11549,58.3,284.1253363,1.970765312,119.1253363
10,22.37669794,24,916.1157962,-9241.902699,13507.73879,58.3,283.9447511,1.804828344,118.9447511
11,22.17622956,24,914.5802282,-10156.48293,13485.56256,58.3,283.7775762,1.671785203,118.7775762
12,22.04713669,24,913.1578548,-11069.64078,13463.51542,58.3,283.6173132,1.60357095,118.6173132
13,21.95524559,24,911.7935188,-11981.4343,13441.56018,58.3,283.4581398,1.593562743,118.4581398
14,21.86991526,24,910.4376979,-12891.872,13419.69026,58.3,283.2975195,1.608960229,118.2975195
15,21.7777876,24,909.0687767,-13800.94078,13397.91248,58.3,283.1364006,1.614872885,118.1364006
16,21.68385912,24,907.6948249,-14708.6356,13376.22862,58.3,282.97748,1.593734084,117.97748
17,21.60234938,24,906.3388582,-15614.97446,13354.62627,58.3,282.8229723,1.550326059,117.8229723
18,21.54494309,24,905.0198236,-16519.99428,13333.08132,58.3,282.6732471,1.50313375,117.6732471
19,21.51359353,24,903.7409407,-17423.73522,13311.56773,58.3,282.5268767,1.470215753,117.5268767
20,21.50076165,24,902.4900648,-18326.22529,13290.06697,58.3,282.3817127,1.458847748,117.3817127
21,21.49509682,24,901.2488609,-19227.47415,13268.57187,58.3,282.2361295,1.463815412,117.2361295
22,21.48800588,24,900.0034305,-20127.47758,13247.08387,58.3,282.0896902,1.473187347,117.0896902
23,21.47717854,24,898.7500264,-21026.22761,13225.60669,58.3,281.9429993,1.476486262,116.9429993
24,21.4658136,24,897.4938154,-21923.72142,13204.14087,58.3,281.7970211,1.470073556,116.7970211
25,21.45901693,24,896.2430605,-22819.96448,13182.68186,58.3,281.6523763,1.457394468,116.6523763
26,21.46007614,24,895.0030931,-23714.96757,13161.22178,58.3,281.5090153,1.445193807,116.5090153
27,21.46872952,24,893.7735062,-24608.74108,13139.75305,58.3,281.36636,1.43881031,116.36636
28,21.48191041,24,892.5493504,-25501.29043,13118.27114,58.3,281.2237162,1.439423216,116.2237162
29,21.49593723,24,891.3246731,-26392.6151,13096.7752,58.3,281.0806591,1.444328485,116.0806591
30,21.50855496,24,890.0958224,-27282.71093,13075.26665,58.3,280.9371776,1.449352812,115.9371776
31,21.51970501,24,888.8626969,-28171.57362,13053.74694,58.3,280.7935548,1.451523097,115.7935548
32,21.53089119,24,887.6277249,-29059.20135,13032.21605,58.3,280.6501145,1.450419505,115.6501145
33,21.54383558,24,886.3936919,-29945.59504,13010.67222,58.3,280.5070099,1.447763097,115.5070099
34,21.55935325,24,885.161919,-30830.75696,12989.11286,58.3,280.3641626,1.445895336,115.3641626
35,21.57702763,24,883.9317352,-31714.68869,12967.53584,58.3,280.2213506,1.446276061,115.2213506
36,21.5956757,24,882.7012274,-32597.38992,12945.94016,58.3,280.0783578,1.448846085,115.0783578
37,21.61414733,24,881.4685331,-33478.85846,12924.32601,58.3,279.9350867,1.452408141,114.9350867
38,21.63192335,24,880.2328081,-34359.09126,12902.69409,58.3,279.7915778,1.455565844,114.7915778
39,21.6492191,24,878.9943965,-35238.08566,12881.04487,58.3,279.6479467,1.457553697,114.6479467
40,21.66665189,24,877.7542936,-36115.83995,12859.37822,58.3,279.5042949,1.458512111,114.5042949
41,21.68476426,24,876.5133753,-36992.35333,12837.69345,58.3,279.3606509,1.459182873,114.3606509
42,21.70370815,24,875.2718863,-37867.62522,12815.98975,58.3,279.2169674,1.460335863,114.2169674
43,21.7232307,24,874.0294164,-38741.65463,12794.26652,58.3,279.073163,1.462317046,114.073163
44,21.74289766,24,872.7852608,-39614.43989,12772.52362,58.3,278.9291745,1.464946385,113.9291745
45,21.76237004,24,871.5388681,-40485.97876,12750.76125,58.3,278.7849858,1.467740964,113.7849858
46,21.78156316,24,870.2900978,-41356.26886,12728.97968,58.3,278.6406245,1.470259055,113.6406245
47,21.80062457,24,869.0391851,-42225.30804,12707.17906,58.3,278.4961338,1.472340042,113.4961338
48,21.81978599,24,867.7865018,-43093.09455,12685.35927,58.3,278.3515429,1.474127535,113.3515429
49,21.83920335,24,866.5322977,-43959.62684,12663.52007,58.3,278.206852,1.475913346,113.206852
50,21.85887897,24,865.2765742,-44824.90342,12641.66119,58.3,278.0620385,1.477933554,113.0620385
51,21.87869113,24,864.0191319,-45688.92255,12619.7825,58.3,277.9170742,1.480244607,112.9170742
52,21.89848865,24,862.7597234,-46551.68227,12597.88401,58.3,277.7719421,1.482731685,112.7719421
53,21.91818091,24,861.4981988,-47413.18047,12575.96583,58.3,277.6266432,1.485213605,112.6266432
54,21.93777263,24,860.2345626,-48273.41503,12554.02806,58.3,277.4811908,1.487561547,112.4811908
55,21.95733623,24,858.9689287,-49132.38396,12532.07072,58.3,277.3355998,1.489760188,112.3355998
56,21.97695207,24,857.7014242,-49990.08539,12510.09377,58.3,277.1898774,1.491889481,112.1898774
57,21.99665838,24,856.432108,-50846.51749,12488.09711,58.3,277.0440201,1.494055931,112.0440201
58,22.01643735,24,855.1609486,-51701.67844,12466.08067,58.3,276.8980183,1.496324589,111.8980183
59,22.03623705,24,853.887859,-52555.5663,12444.04444,58.3,276.7518629,1.498690734,111.7518629
60,22.05600808,24,852.6127563,-53408.17906,12421.98843,58.3,276.60555,1.501098397,111.60555
61,22.07573055,24,851.3356051,-54259.51466,12399.9127,58.3,276.4590822,1.503484239,111.4590822
62,22.09541788,24,850.056424,-55109.57109,12377.81728,58.3,276.3124651,1.505815638,111.3124651
63,22.11510062,24,848.7752594,-55958.34635,12355.70218,58.3,276.1657033,1.508102311,111.1657033
64,22.13480415,24,847.4921492,-56805.8385,12333.56738,58.3,276.018798,1.510380819,111.018798
65,22.15453463,24,846.2071004,-57652.0456,12311.41284,58.3,275.8717467,1.51268711,110.8717467
66,22.17427931,24,844.9200894,-58496.96569,12289.23856,58.3,275.7245458,1.515035711,110.7245458
67,22.19401783,24,843.6310802,-59340.59677,12267.04454,58.3,275.5771923,1.517416098,110.5771923
68,22.21373539,24,842.3400457,-60182.93681,12244.83081,58.3,275.4296859,1.519804439,110.4296859
69,22.23342974,24,841.0469792,-61023.98379,12222.59738,58.3,275.2820281,1.522180402,110.2820281
70,22.25310932,24,839.7518912,-61863.73568,12200.34427,58.3,275.134221,1.52453813,110.134221
71,22.27278565,24,838.4547972,-62702.19048,12178.07148,58.3,274.9862658,1.526886328,109.9862658
72,22.29246566,24,837.1557054,-63539.34619,12155.77902,58.3,274.8381624,1.529239865,109.8381624
73,22.31214843,24,835.8546111,-64375.2008,12133.46687,58.3,274.6899095,1.5316097,109.6899095
74,22.33182731,24,834.5515006,-65209.7523,12111.13504,58.3,274.5415057,1.533997348,109.5415057
75,22.35149488,24,833.2463586,-66042.99866,12088.78355,58.3,274.3929502,1.536396105,109.3929502
76,22.37114723,24,831.9391757,-66874.93783,12066.4124,58.3,274.2442433,1.5387968,109.2442433
77,22.39078528,24,830.6299503,-67705.56778,12044.02162,58.3,274.0953856,1.54119369,109.0953856
78,22.410413,24,829.3186856,-68534.88647,12021.6112,58.3,273.9463777,1.543587049,108.9463777
79,22.43003417,24,828.0053846,-69362.89185,11999.18117,58.3,273.79722,1.54598166,108.79722
80,22.44965009,24,826.6900462,-70189.5819,11976.73152,58.3,273.647912,1.548383005,108.647912
81,22.46925915,24,825.3726647,-71014.95456,11954.26226,58.3,273.4984533,1.5507939,108.4984533
82,22.48885829,24,824.053232,-71839.00779,11931.7734,58.3,273.3488432,1.553213437,108.3488432
83,22.50844493,24,822.7317408,-72661.73954,11909.26496,58.3,273.1990817,1.555638344,108.1990817
84,22.52801821,24,821.4081864,-73483.14772,11886.73694,58.3,273.0491688,1.558065431,108.0491688
85,22.54757895,24,820.082567,-74303.23029,11864.18936,58.3,272.8991048,1.560493454,107.8991048
86,22.56712863,24,818.7548819,-75121.98517,11841.62223,58.3,272.7488898,1.562923419,107.7488898
87,22.5866682,24,817.4251293,-75939.4103,11819.03556,58.3,272.5985239,1.565357504,107.5985239
88,22.60619747,24,816.0933057,-76755.50361,11796.42936,58.3,272.4480067,1.567797521,107.4480067
89,22.62571529,24,814.7594062,-77570.26301,11773.80365,58.3,272.2973381,1.570243938,107.2973381
90,22.64522029,24,813.4234252,-78383.68644,11751.15843,58.3,272.1465177,1.572695903,107.1465177
91,22.66471153,24,812.085358,-79195.77179,11728.49372,58.3,271.9955456,1.575152041,106.9955456
92,22.68418882,24,810.7452012,-80006.517,11705.80953,58.3,271.8444218,1.577611387,106.8444218
93,22.70365245,24,809.4029519,-80815.91995,11683.10588,58.3,271.6931463,1.580073877,106.6931463
94,22.72310278,24,808.0586075,-81623.97856,11660.38277,58.3,271.5417192,1.582540194,106.5417192
95,22.7425398,24,806.7121647,-82430.69072,11637.64023,58.3,271.3901403,1.585011213,106.3901403
96,22.76196303,24,805.3636195,-83236.05434,11614.87827,58.3,271.2384094,1.587487448,106.2384094
97,22.78137173,24,804.0129676,-84040.06731,11592.0969,58.3,271.0865265,1.589968831,106.0865265
98,22.80076523,24,802.6602044,-84842.72751,11569.29613,58.3,270.9344914,1.59245489,105.9344914
99,22.82014306,24,801.3053261,-85644.03284,11546.47599,58.3,270.7823041,1.594945119,105.7823041
100,22.83950506,24,799.9483291,-86443.98117,11523.63649,58.3,270.6299645,1.597439299,105.6299645
101,22.85885118,24,798.58921,-87242.57038,11500.77763,58.3,270.4774727,1.599937569,105.4774727
102,22.87818129,24,797.2279653,-88039.79834,11477.89945,58.3,270.3248285,1.602440282,105.3248285
103,22.89749507,24,795.8645913,-88835.66293,11455.00196,58.3,270.1720319,1.60494775,105.1720319
104,22.91679208,24,794.499084,-89630.16202,11432.08517,58.3,270.0190828,1.607460082,105.0190828
105,22.93607178,24,793.1314391,-90423.29346,11409.14909,58.3,269.865981,1.609977164,104.865981
106,22.95533372,24,791.7616526,-91215.05511,11386.19376,58.3,269.7127265,1.612498788,104.7127265
107,22.97457755,24,790.3897207,-92005.44483,11363.21918,58.3,269.5593192,1.6150248,104.5593192
108,22.99380302,24,789.0156397,-92794.46047,11340.22538,58.3,269.4057591,1.617555191,104.4057591
109,23.01300988,24,787.6394058,-93582.09988,11317.21237,58.3,269.2520461,1.620090081,104.2520461
110,23.03219781,24,786.2610151,-94368.36089,11294.18017,58.3,269.0981801,1.622629626,104.0981801
111,23.05136644,24,784.8804638,-95153.24135,11271.12881,58.3,268.9441611,1.625173926,103.9441611
112,23.07051531,24,783.4977478,-95936.7391,11248.05829,58.3,268.7899889,1.627722988,103.7899889
113,23.089644,24,782.112863,-96718.85197,11224.96865,58.3,268.6356635,1.630276744,103.6356635
114,23.1087521,24,780.7258054,-97499.57777,11201.85989,58.3,268.4811848,1.632835121,103.4811848
115,23.12783926,24,779.3365712,-98278.91434,11178.73205,58.3,268.3265527,1.635398091,103.3265527
116,23.14690515,24,777.9451563,-99056.8595,11155.58515,58.3,268.1717672,1.637965689,103.1717672
117,23.16594941,24,776.5515569,-99833.41105,11132.4192,58.3,268.0168282,1.640537985,103.0168282
118,23.18497167,24,775.1557689,-100608.5668,11109.23423,58.3,267.8617356,1.643115044,102.8617356
119,23.20397149,24,773.7577884,-101382.3246,11086.03026,58.3,267.7064893,1.645696898,102.7064893
120,23.22294847,24,772.3576112,-102154.6822,11062.80731,58.3,267.5510893,1.648283538,102.5510893
121,23.24190217,24,770.9552333,-102925.6375,11039.56541,58.3,267.3955355,1.65087494,102.3955355
122,23.26083219,24,769.5506505,-103695.1881,11016.30457,58.3,267.2398277,1.653471089,102.2398277
123,23.27973816,24,768.143859,-104463.332,10993.02484,58.3,267.083966,1.656071995,102.083966
124,23.29861966,24,766.7348545,-105230.0668,10969.72622,58.3,266.9279502,1.658677691,101.9279502
125,23.3174763,24,765.3236331,-105995.3905,10946.40874,58.3,266.7717804,1.661288215,101.7717804
126,23.33630765,24,763.9101906,-106759.3006,10923.07243,58.3,266.6154563,1.663903597,101.6154563
127,23.35511329,24,762.494523,-107521.7952,10899.71732,58.3,266.4589779,1.666523848,101.4589779
128,23.37389277,24,761.076626,-108282.8718,10876.34343,58.3,266.3023452,1.66914897,101.3023452
129,23.39264567,24,759.6564955,-109042.5283,10852.95078,58.3,266.145558,1.671778959,101.145558
130,23.41137155,24,758.2341274,-109800.7624,10829.53941,58.3,265.9886163,1.674413823,100.9886163
131,23.43006999,24,756.8095175,-110557.5719,10806.10934,58.3,265.8315201,1.67705358,100.8315201
132,23.44874056,24,755.3826617,-111312.9546,10782.6606,58.3,265.6742692,1.679698255,100.6742692
133,23.46738282,24,753.9535557,-112066.9082,10759.19322,58.3,265.5168635,1.682347871,100.5168635
134,23.48599631,24,752.5221955,-112819.4303,10735.70722,58.3,265.359303,1.685002446,100.359303
135,23.50458059,24,751.0885767,-113570.5189,10712.20264,58.3,265.2015877,1.687661989,100.2015877
136,23.52313519,24,749.6526951,-114320.1716,10688.6795,58.3,265.0437173,1.690326507,100.0437173
137,23.54165967,24,748.2145465,-115068.3862,10665.13784,58.3,264.8856919,1.692996009,99.88569193
138,23.56015355,24,746.7741267,-115815.1603,10641.57769,58.3,264.7275114,1.69567051,99.72751142
139,23.5786164,24,745.3314314,-116560.4917,10617.99907,58.3,264.5691757,1.698350028,99.56917571
140,23.59704773,24,743.8864563,-117304.3782,10594.40203,58.3,264.4106847,1.701034582,99.41068472
141,23.61544709,24,742.4391972,-118046.8174,10570.78658,58.3,264.2520384,1.703724189,99.25203838
142,23.63381399,24,740.9896497,-118787.807,10547.15277,58.3,264.0932366,1.706418863,99.09323661
143,23.65214795,24,739.5378096,-119527.3448,10523.50062,58.3,263.9342793,1.709118615,98.93427933
144,23.67044849,24,738.0836725,-120265.4285,10499.83017,58.3,263.7751665,1.711823458,98.77516646
145,23.68871514,24,736.6272341,-121002.0557,10476.14145,58.3,263.6158979,1.714533406,98.61589793
146,23.70694739,24,735.16849,-121737.2242,10452.43451,58.3,263.4564737,1.717248473,98.45647366
147,23.72514477,24,733.707436,-122470.9317,10428.70936,58.3,263.2968936,1.719968677,98.29689357
148,23.74330678,24,732.2440675,-123203.1757,10404.96605,58.3,263.1371576,1.722694035,98.13715759
149,23.76143291,24,730.7783803,-123933.9541,10381.20462,58.3,262.9772656,1.725424561,97.97726563
150,23.77952267,24,729.3103699,-124663.2645,10357.4251,58.3,262.8172176,1.728160271,97.81721763
151,23.79757555,24,727.8400319,-125391.1045,10333.62752,58.3,262.6570135,1.730901177,97.65701351
152,23.81559103,24,726.367362,-126117.4719,10309.81193,58.3,262.4966532,1.733647294,97.49665318
153,23.83356861,24,724.8923556,-126842.3642,10285.97836,58.3,262.3361366,1.736398637,97.33613657
154,23.85150776,24,723.4150083,-127565.7792,10262.12686,58.3,262.1754636,1.739155222,97.1754636
155,23.86940797,24,721.9353158,-128287.7146,10238.25745,58.3,262.0146342,1.741917066,97.0146342
156,23.88726871,24,720.4532734,-129008.1678,10214.37018,58.3,261.8536483,1.744684185,96.85364828
157,23.90508944,24,718.9688767,-129727.1367,10190.46509,58.3,261.6925058,1.747456593,96.69250578
158,23.92286965,24,717.4821212,-130444.6188,10166.54222,58.3,261.5312066,1.750234306,96.53120661
159,23.94060879,24,715.9930024,-131160.6118,10142.60161,58.3,261.3697507,1.753017339,96.36975069
160,23.95830631,24,714.5015158,-131875.1133,10118.64331,58.3,261.208138,1.755805707,96.20813796
161,23.97596168,24,713.0076568,-132588.121,10094.66734,58.3,261.0463683,1.758599427,96.04636832
162,23.99357435,24,711.5114209,-133299.6324,10070.67377,58.3,260.8844417,1.761398515,95.88444171
163,24.01114376,24,710.0128034,-134009.6452,10046.66263,58.3,260.722358,1.764202987,95.72235804
164,24.02866936,24,708.5117999,-134718.157,10022.63396,58.3,260.5601172,1.767012859,95.56011724
165,24.04615059,24,707.0084058,-135425.1654,9998.587806,58.3,260.3977192,1.769828148,95.39771923
166,24.06358687,24,705.5026163,-136130.6681,9974.524219,58.3,260.2351639,1.772648869,95.23516394
167,24.08097765,24,703.994427,-136834.6625,9950.443241,58.3,260.0724513,1.775475038,95.07245128
168,24.09832234,24,702.4838331,-137537.1463,9926.344919,58.3,259.9095812,1.778306672,94.90958117
169,24.11562038,24,700.97083,-138238.1171,9902.229299,58.3,259.7465535,1.781143788,94.74655355
170,24.13287117,24,699.4554131,-138937.5726,9878.096427,58.3,259.5833683,1.783986403,94.58336833
171,24.15007414,24,697.9375776,-139635.5101,9853.946353,58.3,259.4200254,1.786834532,94.42002543
172,24.16722868,24,696.417319,-140331.9275,9829.779125,58.3,259.2565248,1.789688194,94.25652477
173,24.18433422,24,694.8946324,-141026.8221,9805.59479,58.3,259.0928663,1.792547405,94.09286629
174,24.20139014,24,693.3695131,-141720.1916,9781.3934,58.3,258.9290499,1.795412181,93.92904989
175,24.21839585,24,691.8419565,-142412.0336,9757.175004,58.3,258.7650755,1.79828254,93.7650755
176,24.23535074,24,690.3119577,-143102.3455,9732.939654,58.3,258.6009431,1.801158499,93.60094305
177,24.25225419,24,688.7795121,-143791.125,9708.687399,58.3,258.4366525,1.804040076,93.43665245
178,24.26910558,24,687.2446147,-144478.3696,9684.418294,58.3,258.2722036,1.806927288,93.27220363
179,24.2859043,24,685.7072609,-145164.0769,9660.132389,58.3,258.1075965,1.809820153,93.1075965
180,24.30264972,24,684.1674458,-145848.2443,9635.82974,58.3,257.942831,1.812718688,92.942831
181,24.3193412,24,682.6251646,-146530.8695,9611.510399,58.3,257.777907,1.815622911,92.77790703
182,24.33597812,24,681.0804125,-147211.9499,9587.17442,58.3,257.6128245,1.818532841,92.61282452
183,24.35255982,24,679.5331845,-147891.4831,9562.821861,58.3,257.4475834,1.821448494,92.4475834
184,24.36908567,24,677.9834759,-148569.4666,9538.452775,58.3,257.2821836,1.824369889,92.28218358
185,24.38555502,24,676.4312817,-149245.8979,9514.06722,58.3,257.116625,1.827297044,92.11662498
186,24.4019672,24,674.8765971,-149920.7745,9489.665253,58.3,256.9509075,1.830229979,91.95090753
187,24.41832156,24,673.3194171,-150594.0939,9465.246931,58.3,256.7850311,1.833168711,91.78503115
188,24.43461743,24,671.7597368,-151265.8536,9440.812314,58.3,256.6189957,1.836113259,91.61899575
189,24.45085415,24,670.1975513,-151936.0512,9416.36146,58.3,256.4528013,1.839063642,91.45280125
190,24.46703103,24,668.6328555,-152604.684,9391.894429,58.3,256.2864476,1.842019878,91.28644758
191,24.48314739,24,667.0656445,-153271.7497,9367.411281,58.3,256.1199347,1.844981987,91.11993466
192,24.49920256,24,665.4959133,-153937.2456,9342.912079,58.3,255.9532624,1.847949988,90.95326241
193,24.51519583,24,663.923657,-154601.1692,9318.396883,58.3,255.7864307,1.8509239,90.78643074
194,24.53112652,24,662.3488703,-155263.5181,9293.865756,58.3,255.6194396,1.853903743,90.61943958
195,24.54699391,24,660.7715484,-155924.2897,9269.318762,58.3,255.4522888,1.856889536,90.45228885
196,24.56279731,24,659.1916862,-156583.4813,9244.755965,58.3,255.2849785,1.8598813,90.28497846
197,24.57853599,24,657.6092785,-157241.0906,9220.177429,58.3,255.1175083,1.862879053,90.11750833
198,24.59420924,24,656.0243203,-157897.1149,9195.58322,58.3,254.9498784,1.865882816,89.94987838
199,24.60981633,24,654.4368065,-158551.5517,9170.973403,58.3,254.7820885,1.868892609,89.78208854
200,24.62535654,24,652.8467319,-159204.3985,9146.348047,58.3,254.6141387,1.871908453,89.61413872
201,24.64082913,24,651.2540914,-159855.6526,9121.707218,58.3,254.4460288,1.874930368,89.44602884
202,24.65623335,24,649.6588798,-160505.3115,9097.050984,58.3,254.2777588,1.877958374,89.27775881
203,24.67156846,24,648.061092,-161153.3725,9072.379416,58.3,254.1093286,1.880992493,89.10932856
204,24.68683371,24,646.4607227,-161799.8333,9047.692582,58.3,253.940738,1.884032745,88.940738
205,24.70202833,24,644.8577667,-162444.691,9022.990554,58.3,253.7719871,1.887079152,88.77198705
206,24.71715156,24,643.2522188,-163087.9433,8998.273402,58.3,253.6030756,1.890131734,88.60307563
207,24.73220262,24,641.6440737,-163729.5873,8973.5412,58.3,253.4340037,1.893190514,88.43400366
208,24.74718074,24,640.0333262,-164369.6207,8948.794019,58.3,253.264771,1.896255513,88.26477104
209,24.76208513,24,638.4199709,-165008.0406,8924.031934,58.3,253.0953777,1.899326753,88.09537771
210,24.77691501,24,636.8040026,-165644.8446,8899.255019,58.3,252.9258236,1.902404255,87.92582356
211,24.79166957,24,635.1854159,-166280.03,8874.463349,58.3,252.7561085,1.905488043,87.75610853
212,24.806348,24,633.5642055,-166913.5942,8849.657001,58.3,252.5862325,1.908578138,87.58623252
213,24.82094951,24,631.940366,-167545.5346,8824.836052,58.3,252.4161955,1.911674562,87.41619546
214,24.83547327,24,630.3138921,-168175.8485,8800.000579,58.3,252.2459972,1.91477734,87.24599725
215,24.84991845,24,628.6847783,-168804.5333,8775.15066,58.3,252.0756378,1.917886493,87.07563781
216,24.86428422,24,627.0530191,-169431.5863,8750.286376,58.3,251.9051171,1.921002044,86.90511705
217,24.87856976,24,625.4186092,-170057.0049,8725.407806,58.3,251.7344349,1.924124017,86.7344349
218,24.8927742,24,623.7815432,-170680.7865,8700.515032,58.3,251.5635913,1.927252436,86.56359126
219,24.9068967,24,622.1418154,-171302.9283,8675.608135,58.3,251.3925861,1.930387324,86.39258605
220,24.9209364,24,620.4994204,-171923.4277,8650.687199,58.3,251.2214192,1.933528705,86.22141918
221,24.93489244,24,618.8543527,-172542.282,8625.752306,58.3,251.0500906,1.936676604,86.05009056
222,24.94876392,24,617.2066067,-173159.4886,8600.803542,58.3,250.8786001,1.939831043,85.87860011
223,24.96254999,24,615.5561769,-173775.0448,8575.840992,58.3,250.7069477,1.942992049,85.70694773
224,24.97624974,24,613.9030577,-174388.9479,8550.864743,58.3,250.5351333,1.946159646,85.53513334
225,24.98986227,24,612.2472434,-175001.1951,8525.87488,58.3,250.3631569,1.949333859,85.36315686
226,25.00338669,24,610.5887285,-175611.7839,8500.871494,58.3,250.1910182,1.952514712,85.19101818
227,25.01682208,24,608.9275073,-176220.7114,8475.854672,58.3,250.0187172,1.955702232,85.01871723
228,25.03016752,24,607.2635741,-176827.9749,8450.824504,58.3,249.8462539,1.958896444,84.84625391
229,25.04342208,24,605.5969233,-177433.5719,8425.781082,58.3,249.6736281,1.962097375,84.67362813
230,25.05658482,24,603.927549,-178037.4994,8400.724497,58.3,249.5008398,1.965305049,84.5008398
231,25.0696548,24,602.2554457,-178639.7549,8375.654842,58.3,249.3278888,1.968519494,84.32788883
232,25.08263106,24,600.5806074,-179240.3355,8350.572211,58.3,249.1547751,1.971740736,84.15477513
233,25.09551265,24,598.9030285,-179839.2385,8325.476699,58.3,248.9814986,1.974968802,83.9814986
234,25.10829858,24,597.2227031,-180436.4612,8300.3684,58.3,248.8080591,1.97820372,83.80805915
235,25.12098789,24,595.5396254,-181032.0008,8275.247412,58.3,248.6344567,1.981445516,83.63445669
236,25.13357957,24,593.8537895,-181625.8546,8250.113833,58.3,248.4606911,1.984694218,83.46069112
237,25.14607264,24,592.1651897,-182218.0198,8224.96776,58.3,248.2867624,1.987949854,83.28676236
238,25.1584661,24,590.4738198,-182808.4936,8199.809294,58.3,248.1126703,1.991212452,83.1126703
239,25.17075891,24,588.7796742,-183397.2733,8174.638535,58.3,247.9384148,1.994482042,82.93841484
240,25.18295006,24,587.0827467,-183984.356,8149.455585,58.3,247.7639959,1.99775865,82.7639959
241,25.19503851,24,585.3830314,-184569.7391,8124.260546,58.3,247.5894134,2.001042307,82.58941338
242,25.20702323,24,583.6805224,-185153.4196,8099.053523,58.3,247.4146672,2.004333042,82.41466718
243,25.21890315,24,581.9752136,-185735.3948,8073.83462,58.3,247.2397572,2.007630884,82.23975719
244,25.23067721,24,580.2670989,-186315.6619,8048.603943,58.3,247.0646833,2.010935863,82.06468333
245,25.24234435,24,578.5561723,-186894.2181,8023.361599,58.3,246.8894455,2.01424801,81.88944549
246,25.25390346,24,576.8424278,-187471.0605,7998.107695,58.3,246.7140436,2.017567355,81.71404357
247,25.26535348,24,575.125859,-188046.1864,7972.842342,58.3,246.5384775,2.020893928,81.53847747
248,25.27669327,24,573.40646,-188619.5928,7947.565648,58.3,246.3627471,2.024227761,81.3627471
249,25.28792175,24,571.6842246,-189191.277,7922.277727,58.3,246.1868523,2.027568885,81.18685234
250,25.29903777,24,569.9591464,-189761.2362,7896.978689,58.3,246.0107931,2.030917332,81.01079309
251,25.31004021,24,568.2312194,-190329.4674,7871.668649,58.3,245.8345693,2.034273134,80.83456926
252,25.32092791,24,566.5004372,-190895.9679,7846.347721,58.3,245.6581807,2.037636323,80.65818074
253,25.33169972,24,564.7667936,-191460.7346,7821.016021,58.3,245.4816274,2.041006933,80.48162741
254,25.34235448,24,563.0302822,-192023.7649,7795.673666,58.3,245.3049092,2.044384996,80.30490918
255,25.35289099,24,561.2908968,-192585.0558,7770.320776,58.3,245.1280259,2.047770545,80.12802594
256,25.36330807,24,559.5486308,-193144.6045,7744.957467,58.3,244.9509776,2.051163615,79.95097758
257,25.37360452,24,557.803478,-193702.4079,7719.583863,58.3,244.773764,2.05456424,79.773764
258,25.38377911,24,556.055432,-194258.4634,7694.200084,58.3,244.5963851,2.057972454,79.59638507
259,25.39383063,24,554.3044861,-194812.7679,7668.806253,58.3,244.4188407,2.061388292,79.4188407
260,25.40375783,24,552.5506341,-195365.3185,7643.402495,58.3,244.2411308,2.064811789,79.24113077
261,25.41355946,24,550.7938693,-195916.1124,7617.988936,58.3,244.0632552,2.068242982,79.06325517
262,25.42323425,24,549.0341852,-196465.1465,7592.565702,58.3,243.8852138,2.071681906,78.88521378
263,25.43278093,24,547.2715752,-197012.4181,7567.132921,58.3,243.7070065,2.075128598,78.70700649
264,25.44219822,24,545.5060327,-197557.9241,7541.690722,58.3,243.5286332,2.078583094,78.52863319
265,25.45148479,24,543.7375511,-198101.6617,7516.239238,58.3,243.3500938,2.082045432,78.35009376
266,25.46063935,24,541.9661237,-198643.6278,7490.778598,58.3,243.1713881,2.08551565,78.17138809
267,25.46966055,24,540.1917439,-199183.8196,7465.308938,58.3,242.992516,2.088993786,77.99251604
268,25.47854707,24,538.4144047,-199722.234,7439.830391,58.3,242.8134775,2.092479879,77.81347751
269,25.48729752,24,536.6340996,-200258.8681,7414.343093,58.3,242.6342724,2.095973967,77.63427237
270,25.49591056,24,534.8508217,-200793.7189,7388.847183,58.3,242.4549005,2.09947609,77.45490051
271,25.50438478,24,533.0645641,-201326.7835,7363.342798,58.3,242.2753618,2.102986288,77.27536179
272,25.5127188,24,531.27532,-201858.0588,7337.830079,58.3,242.0956561,2.106504602,77.0956561
273,25.52091119,24,529.4830825,-202387.5419,7312.309168,58.3,241.9157833,2.110031072,76.91578331
274,25.52896052,24,527.6878446,-202915.2297,7286.780207,58.3,241.7357433,2.11356574,76.73574328
275,25.53686536,24,525.8895994,-203441.1193,7261.243342,58.3,241.5555359,2.117108648,76.55553591
276,25.54462424,24,524.0883398,-203965.2076,7235.698718,58.3,241.375161,2.120659838,76.37516104
277,25.55223568,24,522.2840589,-204487.4917,7210.146482,58.3,241.1946186,2.124219354,76.19461857
278,25.55969819,24,520.4767495,-205007.9685,7184.586784,58.3,241.0139083,2.127787238,76.01390834
279,25.56701026,24,518.6664044,-205526.6349,7159.019774,58.3,240.8330302,2.131363535,75.83303023
280,25.57417038,24,516.8530167,-206043.4879,7133.445603,58.3,240.6519841,2.134948289,75.65198411
281,25.58117699,24,515.0365789,-206558.5245,7107.864426,58.3,240.4707698,2.138541545,75.47076983
282,25.58802855,24,513.217084,-207071.7415,7082.276398,58.3,240.2893873,2.14214335,75.28938726
283,25.59472347,24,511.3945247,-207583.1361,7056.681674,58.3,240.1078363,2.145753749,75.10783627
284,25.60126016,24,509.5688936,-208092.705,7031.080414,58.3,239.9261167,2.149372789,74.9261167
285,25.60763702,24,507.7401833,-208600.4451,7005.472777,58.3,239.7442284,2.153000517,74.74422842
286,25.61385241,24,505.9083865,-209106.3535,6979.858925,58.3,239.5621713,2.156636982,74.56217128
287,25.6199047,24,504.0734958,-209610.427,6954.23902,58.3,239.3799451,2.160282233,74.37994513
288,25.62579221,24,502.2355037,-210112.6625,6928.613228,58.3,239.1975498,2.163936318,74.19754984
289,25.63151326,24,500.3944027,-210613.0569,6902.981714,58.3,239.0149852,2.167599288,74.01498525
290,25.63706615,24,498.5501851,-211111.6071,6877.344648,58.3,238.8322512,2.171271194,73.8322512
291,25.64244917,24,496.7028435,-211608.31,6851.702199,58.3,238.6493476,2.174952085,73.64934755
292,25.64766055,24,494.8523701,-212103.1623,6826.054539,58.3,238.4662741,2.178642016,73.46627415
293,25.65269856,24,492.9987572,-212596.1611,6800.40184,58.3,238.2830308,2.182341038,73.28303082
294,25.6575614,24,491.1419972,-213087.3031,6774.744279,58.3,238.0996174,2.186049204,73.09961742
295,25.66224726,24,489.2820823,-213576.5852,6749.082031,58.3,237.9160338,2.189766569,72.91603379
296,25.66675434,24,487.4190046,-214064.0042,6723.415277,58.3,237.7322798,2.193493188,72.73227976
297,25.67108078,24,485.5527562,-214549.5569,6697.744196,58.3,237.5483552,2.197229117,72.54835517
298,25.67522471,24,483.6833292,-215033.2403,6672.068972,58.3,237.3642599,2.200974411,72.36425985
299,25.67918426,24,481.8107158,-215515.051,6646.389787,58.3,237.1799936,2.204729128,72.17999364
300,25.6829575,24,479.9349077,-215994.9859,6620.70683,58.3,236.9955564,2.208493327,71.99555635
301,25.6865425,24,478.0558971,-216473.0418,6595.020287,58.3,236.8109478,2.212267065,71.81094783
302,25.6899373,24,476.1736757,-216949.2154,6569.33035,58.3,236.6261679,2.216050403,71.62616788
303,25.69313993,24,474.2882354,-217423.5037,6543.63721,58.3,236.4412163,2.219843401,71.44121635
304,25.69614838,24,472.3995679,-217895.9033,6517.941062,58.3,236.256093,2.223646121,71.25609303
305,25.69896061,24,470.5076651,-218366.4109,6492.242101,58.3,236.0707978,2.227458625,71.07079776
306,25.70157459,24,468.6125186,-218835.0234,6466.540526,58.3,235.8853303,2.231280976,70.88533034
307,25.70398822,24,466.7141199,-219301.7376,6440.836538,58.3,235.6996906,2.235113238,70.6996906
308,25.70619939,24,464.8124608,-219766.55,6415.130339,58.3,235.5138783,2.238955477,70.51387833
309,25.70820599,24,462.9075326,-220229.4575,6389.422133,58.3,235.3278933,2.242807759,70.32789334
310,25.71000585,24,460.9993268,-220690.4569,6363.712127,58.3,235.1417354,2.24667015,70.14173545
311,25.71159678,24,459.0878349,-221149.5447,6338.00053,58.3,234.9554044,2.25054272,69.95540444
312,25.71297658,24,457.1730481,-221606.7178,6312.287554,58.3,234.7689001,2.254425537,69.76890013
313,25.714143,24,455.2549578,-222061.9727,6286.573411,58.3,234.5822223,2.258318672,69.5822223
314,25.71509377,24,453.3335552,-222515.3063,6260.858317,58.3,234.3953707,2.262222195,69.39537074
315,25.71582659,24,451.4088315,-222966.7151,6235.14249,58.3,234.2083453,2.26613618,69.20834526
316,25.71633914,24,449.4807776,-223416.1959,6209.426151,58.3,234.0211456,2.2700607,69.02114562
317,25.71662905,24,447.5493848,-223863.7453,6183.709522,58.3,233.8337716,2.27399583,68.83377162
318,25.71669394,24,445.6146438,-224309.3599,6157.992828,58.3,233.646223,2.277941646,68.64622304
319,25.71653139,24,443.6765458,-224753.0365,6132.276297,58.3,233.4584997,2.281898225,68.45849965
320,25.71613894,24,441.7350814,-225194.7715,6106.560158,58.3,233.2706012,2.285865645,68.27060123
321,25.71551411,24,439.7902415,-225634.5618,6080.844644,58.3,233.0825275,2.289843988,68.08252754
322,25.71465438,24,437.8420168,-226072.4038,6055.129989,58.3,232.8942784,2.293833332,67.89427836
323,25.71355719,24,435.8903979,-226508.2942,6029.416432,58.3,232.7058534,2.297833762,67.70585344
324,25.71221997,24,433.9353755,-226942.2296,6003.704212,58.3,232.5172525,2.301845361,67.51725254
325,25.71064009,24,431.9769398,-227374.2065,5977.993572,58.3,232.3284754,2.305868213,67.32847543
326,25.70881489,24,430.0150816,-227804.2216,5952.284757,58.3,232.1395218,2.309902407,67.13952184
327,25.70674168,24,428.0497909,-228232.2714,5926.578016,58.3,231.9503915,2.313948029,66.95039153
328,25.70441773,24,426.0810582,-228658.3524,5900.873598,58.3,231.7610842,2.31800517,66.76108424
329,25.70184027,24,424.1088737,-229082.4613,5875.171758,58.3,231.5715997,2.322073922,66.57159971
330,25.69900649,24,422.1332274,-229504.5945,5849.472751,58.3,231.3819377,2.326154375,66.38193767
331,25.69591355,24,420.1541094,-229924.7486,5823.776838,58.3,231.1920979,2.330246627,66.19209785
332,25.69255856,24,418.1715097,-230342.9202,5798.084279,58.3,231.00208,2.334350772,66.00207999
333,25.68893859,24,416.1854181,-230759.1056,5772.39534,58.3,230.8118838,2.338466908,65.8118838
334,25.68505067,24,414.1958245,-231173.3014,5746.71029,58.3,230.621509,2.342595135,65.62150899
335,25.68089179,24,412.2027185,-231585.5041,5721.029398,58.3,230.4309553,2.346735555,65.43095529
336,25.6764589,24,410.2060899,-231995.7102,5695.352939,58.3,230.2402224,2.35088827,65.24022239
337,25.67174888,24,408.205928,-232403.9161,5669.68119,58.3,230.04931,2.355053387,65.04931
338,25.66675861,24,406.2022224,-232810.1184,5644.014432,58.3,229.8582178,2.359231012,64.85821781
339,25.66148489,24,404.1949625,-233214.3133,5618.352947,58.3,229.6669455,2.363421255,64.66694552
340,25.65592447,24,402.1841374,-233616.4975,5592.697022,58.3,229.4754928,2.367624227,64.47549282
341,25.65007408,24,400.1697364,-234016.6672,5567.046948,58.3,229.2838594,2.37184004,64.28385937
342,25.64393037,24,398.1517485,-234414.8189,5541.403018,58.3,229.0920449,2.376068812,64.09204487
343,25.63748996,24,396.1301628,-234810.9491,5515.765528,58.3,228.900049,2.380310659,63.90004897
344,25.63074941,24,394.1049681,-235205.0541,5490.134778,58.3,228.7078713,2.384565702,63.70787134
345,25.62370523,24,392.0761531,-235597.1302,5464.511073,58.3,228.5155116,2.388834063,63.51551164
346,25.61635387,24,390.0437065,-235987.1739,5438.894719,58.3,228.3229695,2.393115868,63.32296951
347,25.60869174,24,388.0076169,-236375.1816,5413.286027,58.3,228.1302446,2.397411243,63.13024461
348,25.60071518,24,385.9678728,-236761.1494,5387.685312,58.3,227.9373366,2.401720318,62.93733658
349,25.59242048,24,383.9244625,-237145.0739,5362.092892,58.3,227.744245,2.406043226,62.74424503
350,25.58380387,24,381.8773742,-237526.9513,5336.509088,58.3,227.5509696,2.410380103,62.5509696
351,25.57486152,24,379.826596,-237906.7779,5310.934226,58.3,227.3575099,2.414731087,62.3575099
352,25.56558953,24,377.772116,-238284.55,5285.368637,58.3,227.1638655,2.419096318,62.16386555
353,25.55598395,24,375.713922,-238660.2639,5259.812653,58.3,226.9700361,2.42347594,61.97003614
354,25.54604076,24,373.6520017,-239033.9159,5234.266612,58.3,226.7760213,2.427870101,61.77602128
355,25.53575588,24,371.5863428,-239405.5022,5208.730856,58.3,226.5818205,2.43227895,61.58182054
356,25.52512516,24,369.5169329,-239775.0192,5183.205731,58.3,226.3874335,2.436702642,61.38743352
357,25.51414437,24,367.4437592,-240142.4629,5157.691587,58.3,226.1928598,2.441141332,61.19285977
358,25.50280923,24,365.3668091,-240507.8297,5132.188778,58.3,225.9980989,2.44559518,60.99809887
359,25.49111538,24,363.2860695,-240871.1158,5106.697662,58.3,225.8031504,2.450064351,60.80315036
360,25.47905837,24,361.2015275,-241232.3173,5081.218604,58.3,225.6080138,2.454549012,60.6080138
361,25.46663369,24,359.11317,-241591.4305,5055.75197,58.3,225.4126887,2.459049333,60.41268871
362,25.45383677,24,357.0209835,-241948.4515,5030.298133,58.3,225.2171746,2.46356549,60.21717463
363,25.44066292,24,354.9249546,-242303.3764,5004.85747,58.3,225.0214711,2.468097662,60.02147107
364,25.4271074,24,352.8250697,-242656.2015,4979.430363,58.3,224.8255775,2.472646031,59.82557754
365,25.41316539,24,350.721315,-243006.9228,4954.017198,58.3,224.6294935,2.477210785,59.62949354
366,25.39883195,24,348.6136765,-243355.5365,4928.618366,58.3,224.4332185,2.481792115,59.43321855
367,25.38410209,24,346.5021402,-243702.0386,4903.234264,58.3,224.236752,2.486390218,59.23675205
368,25.36897071,24,344.3866918,-244046.4253,4877.865293,58.3,224.0400935,2.491005295,59.0400935
369,25.35343262,24,342.2673168,-244388.6927,4852.51186,58.3,223.8432424,2.495637551,58.84324237
370,25.33748255,24,340.1440007,-244728.8367,4827.174378,58.3,223.6461981,2.500287197,58.64619808
371,25.32111512,24,338.0167285,-245066.8534,4801.853263,58.3,223.4489601,2.504954449,58.44896008
372,25.30432484,24,335.8854855,-245402.7389,4776.548938,58.3,223.2515278,2.509639528,58.25152778
373,25.28710614,24,333.7502563,-245736.4891,4751.261832,58.3,223.0539006,2.514342662,58.05390058
374,25.26945335,24,331.6110256,-246068.1002,4725.992378,58.3,222.8560779,2.519064081,57.85607788
375,25.25136065,24,329.4677779,-246397.5679,4700.741018,58.3,222.6580591,2.523804026,57.65805906
376,25.23282216,24,327.3204974,-246724.8884,4675.508195,58.3,222.4598435,2.52856274,57.45984348
377,25.21383186,24,325.1691681,-247050.0576,4650.294364,58.3,222.2614305,2.533340474,57.26143049
378,25.19438362,24,323.0137739,-247373.0714,4625.09998,58.3,222.0628194,2.538137485,57.06281944
379,25.17447118,24,320.8542983,-247693.9257,4599.925509,58.3,221.8640096,2.542954039,56.86400964
380,25.15408818,24,318.6907248,-248012.6164,4574.771421,58.3,221.6650004,2.547790405,56.66500039
381,25.1332281,24,316.5230364,-248329.1394,4549.638193,58.3,221.465791,2.552646864,56.465791
382,25.11188432,24,314.3512161,-248643.4906,4524.526308,58.3,221.2663807,2.5575237,56.26638073
383,25.09005008,24,312.1752465,-248955.6659,4499.436258,58.3,221.0667688,2.562421207,56.06676884
384,25.06771847,24,309.9951101,-249265.661,4474.36854,58.3,220.8669546,2.567339689,55.86695457
385,25.04488244,24,307.810789,-249573.4718,4449.323657,58.3,220.6669371,2.572279455,55.66693714
386,25.0215348,24,305.622265,-249879.0941,4424.302122,58.3,220.4667158,2.577240825,55.46671575
387,24.99766821,24,303.4295199,-250182.5236,4399.304454,58.3,220.2662896,2.582224127,55.2662896
388,24.97327518,24,301.2325349,-250483.7561,4374.331179,58.3,220.0656578,2.5872297,55.06565783
389,24.94834804,24,299.0312911,-250782.7874,4349.382831,58.3,219.8648196,2.592257891,54.86481961
390,24.92287897,24,296.8257693,-251079.6132,4324.459952,58.3,219.663774,2.597309058,54.66377405
391,24.89685999,24,294.6159499,-251374.2291,4299.563092,58.3,219.4625202,2.60238357,54.46252024
392,24.87028292,24,292.4018131,-251666.6309,4274.692809,58.3,219.2610573,2.607481806,54.26105728
393,24.84313942,24,290.1833386,-251956.8143,4249.84967,58.3,219.0593842,2.612604159,54.05938421
394,24.81542095,24,287.9605059,-252244.7748,4225.034249,58.3,218.8575001,2.617751031,53.85750008
395,24.7871188,24,285.7332943,-252530.5081,4200.24713,58.3,218.6554039,2.622922838,53.65540387
396,24.75822402,24,283.5016824,-252814.0098,4175.488906,58.3,218.4530946,2.62812001,53.45309459
397,24.72872751,24,281.2656487,-253095.2754,4150.760178,58.3,218.2505712,2.633342988,53.25057117
398,24.6986199,24,279.0251712,-253374.3006,4126.061559,58.3,218.0478326,2.638592229,53.04783255
399,24.66789164,24,276.7802276,-253651.0808,4101.393667,58.3,217.8448776,2.643868205,52.84487764
400,24.63653295,24,274.5307952,-253925.6116,4076.757134,58.3,217.6417053,2.649171402,52.64170529
401,24.60453381,24,272.2768507,-254197.8884,4052.1526,58.3,217.4383143,2.654502324,52.43831434
402,24.57188394,24,270.0183707,-254467.9068,4027.580716,58.3,217.2347036,2.65986149,52.23470362
403,24.53857284,24,267.755331,-254735.6622,4003.042143,58.3,217.0308719,2.665249438,52.03087188
404,24.50458973,24,265.4877071,-255001.1499,3978.537554,58.3,216.8268179,2.670666723,51.82681788
405,24.46992357,24,263.2154742,-255264.3653,3954.06763,58.3,216.6225403,2.676113921,51.62254032
406,24.43456304,24,260.9386068,-255525.3039,3929.633067,58.3,216.4180379,2.681591627,51.41803787
407,24.39849653,24,258.6570788,-255783.961,3905.23457,58.3,216.2133092,2.687100456,51.21330916
408,24.36171214,24,256.3708639,-256040.3319,3880.872858,58.3,216.0083528,2.692641049,51.00835278
409,24.32419763,24,254.079935,-256294.4118,3856.548661,58.3,215.8031673,2.698214066,50.80316729
410,24.28594048,24,251.7842645,-256546.1961,3832.26272,58.3,215.5977512,2.703820193,50.5977512
411,24.24692781,24,249.4838242,-256795.6799,3808.015792,58.3,215.392103,2.709460141,50.39210298
412,24.2071464,24,247.1785854,-257042.8585,3783.808646,58.3,215.186221,2.71513465,50.18622103
413,24.16658266,24,244.8685187,-257287.727,3759.642063,58.3,214.9801037,2.720844485,49.98010375
414,24.12522264,24,242.553594,-257530.2806,3735.516841,58.3,214.7737494,2.726590442,49.77374945
415,24.083052,24,240.2337806,-257770.5144,3711.433789,58.3,214.5671564,2.732373348,49.56715639
416,24.04005597,24,237.909047,-258008.4234,3687.393733,58.3,214.3603228,2.738194063,49.36032281
417,23.9962194,24,235.579361,-258244.0028,3663.397513,58.3,214.1532469,2.744053481,49.15324686
418,23.95152666,24,233.2446898,-258477.2475,3639.445987,58.3,213.9459267,2.749952534,48.94592665
419,23.90596169,24,230.9049997,-258708.1525,3615.540025,58.3,213.7383602,2.755892189,48.73836022
420,23.85950793,24,228.560256,-258936.7127,3591.680517,58.3,213.5305455,2.761873456,48.53054554
421,23.81214835,24,226.2104234,-259162.9232,3567.868369,58.3,213.3224805,2.767897388,48.32248054
422,23.76386539,24,223.8554655,-259386.7786,3544.104503,58.3,213.1141631,2.773965081,48.11416305
423,23.71464092,24,221.4953452,-259608.274,3520.389862,58.3,212.9055909,2.780077679,47.90559085
424,23.6644563,24,219.1300242,-259827.404,3496.725406,58.3,212.6967616,2.786236379,47.69676164
425,23.61329225,24,216.7594634,-260044.1635,3473.112114,58.3,212.487673,2.792442428,47.48767302
426,23.56112888,24,214.3836223,-260258.5471,3449.550985,58.3,212.2783225,2.798697132,47.27832253
427,23.50794568,24,212.0024597,-260470.5495,3426.043039,58.3,212.0687076,2.805001856,47.06870762
428,23.45372144,24,209.615933,-260680.1655,3402.589318,58.3,211.8588256,2.811358028,46.85882565
429,23.39843423,24,207.2239983,-260887.3895,3379.190884,58.3,211.6486739,2.817767145,46.64867387
430,23.34206141,24,204.8266108,-261092.2161,3355.848822,58.3,211.4382494,2.824230776,46.43824944
431,23.28457951,24,202.4237238,-261294.6398,3332.564243,58.3,211.2275494,2.830750564,46.22754941
432,23.22596429,24,200.0152898,-261494.6551,3309.338278,58.3,211.0165707,2.837328237,46.01657073
433,23.16619062,24,197.6012594,-261692.2564,3286.172088,58.3,210.8053102,2.843965608,45.80531023
434,23.10523247,24,195.1815819,-261887.4379,3263.066855,58.3,210.5937646,2.850664581,45.5937646
435,23.04306285,24,192.7562048,-262080.1941,3240.023792,58.3,210.3819304,2.857427163,45.38193042
436,22.97965379,24,190.325074,-262270.5192,3217.044139,58.3,210.1698041,2.864255464,45.16980413
437,22.91497623,24,187.8881336,-262458.4074,3194.129162,58.3,209.957382,2.871151706,44.95738203
438,22.84900002,24,185.4453259,-262643.8527,3171.280162,58.3,209.7446602,2.878118236,44.74466024
439,22.78169382,24,182.9965909,-262826.8493,3148.498469,58.3,209.5316348,2.885157529,44.53163476
440,22.71302505,24,180.5418668,-263007.3911,3125.785444,58.3,209.3183014,2.892272199,44.31830139
441,22.64295982,24,178.0810895,-263185.4722,3103.142484,58.3,209.1046558,2.899465012,44.10465577
442,22.57146284,24,175.6141925,-263361.0864,3080.571021,58.3,208.8906933,2.906738894,43.89069333
443,22.49849736,24,173.1411067,-263534.2275,3058.072524,58.3,208.6764093,2.914096947,43.67640931
444,22.42402504,24,170.6617607,-263704.8893,3035.648498,58.3,208.4617987,2.921542458,43.46179874
445,22.3480059,24,168.1760799,-263873.0654,3013.300493,58.3,208.2468564,2.929078921,43.24685641
446,22.2703982,24,165.683987,-264038.7494,2991.030094,58.3,208.0315769,2.936710047,43.03157688
447,22.19115831,24,163.1854015,-264201.9348,2968.838936,58.3,207.8159544,2.944439785,42.81595442
448,22.1102406,24,160.6802394,-264362.615,2946.728695,58.3,207.5999831,2.952272345,42.59998306
449,22.02759732,24,158.1684133,-264520.7834,2924.701098,58.3,207.3836565,2.960212216,42.38365652
450,21.94317845,24,155.6498318,-264676.4332,2902.75792,58.3,207.1669682,2.968264192,42.16696821
451,21.85693151,24,153.1243997,-264829.5576,2880.900988,58.3,206.9499112,2.976433402,41.94991119
452,21.76880145,24,150.5920171,-264980.1497,2859.132187,58.3,206.7324782,2.984725338,41.73247817
453,21.67873039,24,148.0525796,-265128.2022,2837.453456,58.3,206.5146615,2.993145893,41.51466145
454,21.5866575,24,145.5059778,-265273.7082,2815.866799,58.3,206.2964529,3.001701394,41.29645295
455,21.49251869,24,142.9520969,-265416.6603,2794.37428,58.3,206.0778441,3.01039865,41.0778441
456,21.39624642,24,140.3908163,-265557.0511,2772.978034,58.3,205.8588259,3.019244998,40.85882586
457,21.29776942,24,137.8220091,-265694.8731,2751.680264,58.3,205.6393887,3.028248356,40.63938868
458,21.19701234,24,135.2455418,-265830.1187,2730.483252,58.3,205.4195224,3.03741729,40.41952242
459,21.0938955,24,132.6612734,-265962.7799,2709.389356,58.3,205.1992163,3.046761077,40.19921632
460,20.98833447,24,130.0690552,-266092.849,2688.401022,58.3,204.978459,3.05628979,39.97845896
461,20.88023965,24,127.4687299,-266220.3177,2667.520782,58.3,204.7572382,3.066014382,39.7572382
462,20.76951584,24,124.8601308,-266345.1779,2646.751267,58.3,204.5355411,3.075946796,39.5355411
463,20.65606175,24,122.2430811,-266467.4209,2626.095205,58.3,204.313844,3.079284448,39.31384399
464,20.54335078,24,119.6231917,-266587.0441,2605.551854,58.3,204.0921469,3.082629352,39.09214688
465,20.43138185,24,117.0004564,-266704.0446,2585.120472,58.3,203.8704498,3.085981529,38.87044977
466,20.32015384,24,114.3748691,-266818.4195,2564.800318,58.3,203.6487527,3.089341006,38.64875266
467,20.20966564,24,111.7464234,-266930.1659,2544.590653,58.3,203.4270556,3.092707805,38.42705556
468,20.09991613,24,109.1151132,-267039.281,2524.490737,58.3,203.2053584,3.09608195,38.20535845
469,19.99090418,24,106.4809323,-267145.7619,2504.499832,58.3,202.9836613,3.099463465,37.98366134
470,19.88262866,24,103.8438744,-267249.6058,2484.617204,58.3,202.7619642,3.102852376,37.76196423
471,19.77508842,24,101.2039331,-267350.8097,2464.842115,58.3,202.5402671,3.106248705,37.54026712
472,19.66828233,24,98.5611022,-267449.3708,2445.173833,58.3,202.31857,3.109652477,37.31857001
473,19.56220922,24,95.91537532,-267545.2862,2425.611624,58.3,202.0968729,3.113063717,37.09687291
474,19.45686794,24,93.26674613,-267638.553,2406.154756,58.3,201.8751758,3.11648245,36.8751758
475,19.35225731,24,90.61520824,-267729.1682,2386.802498,58.3,201.6534787,3.119908699,36.65347869
476,19.24837617,24,87.96075526,-267817.1289,2367.554122,58.3,201.4317816,3.123342491,36.43178158
477,19.14522332,24,85.30338077,-267902.4323,2348.408899,58.3,201.2100845,3.126783849,36.21008447
478,19.04279759,24,82.64307833,-267985.0754,2329.366101,58.3,200.9883874,3.130232799,35.98838736
479,18.94109777,24,79.97984149,-268065.0552,2310.425004,58.3,200.7666903,3.133689366,35.76669026
480,18.84012267,24,77.31366376,-268142.3689,2291.584881,58.3,200.5449931,3.137153576,35.54499315
481,18.73987107,24,74.64453865,-268217.0134,2272.84501,58.3,200.323296,3.140625453,35.32329604
482,18.64034175,24,71.97245962,-268288.9859,2254.204668,58.3,200.1015989,3.144105023,35.10159893
483,18.5415335,24,69.29742014,-268358.2833,2235.663135,58.3,199.8799018,3.147592312,34.87990182
484,18.44344508,24,66.61941363,-268424.9027,2217.21969,58.3,199.6582047,3.151087346,34.65820471
485,18.34607525,24,63.93843351,-268488.8412,2198.873614,58.3,199.4365076,3.15459015,34.43650761
486,18.24942277,24,61.25447317,-268550.0956,2180.624192,58.3,199.2148105,3.15810075,34.2148105
487,18.15348638,24,58.56752596,-268608.6632,2162.470705,58.3,198.9931134,3.161619172,33.99311339
488,18.05826483,24,55.87758525,-268664.5407,2144.41244,58.3,198.7714163,3.165145443,33.77141628
489,17.96375683,24,53.18464434,-268717.7254,2126.448683,58.3,198.5497192,3.168679588,33.54971917
490,17.86996113,24,50.48869655,-268768.2141,2108.578722,58.3,198.3280221,3.172221635,33.32802206
491,17.77687644,24,47.78973514,-268816.0038,2090.801846,58.3,198.106325,3.175771609,33.10632496
492,17.68450145,24,45.08775337,-268861.0916,2073.117344,58.3,197.8846278,3.179329538,32.88462785
493,17.59283489,24,42.38274448,-268903.4743,2055.52451,58.3,197.6629307,3.182895447,32.66293074
494,17.50187544,24,39.67470167,-268943.149,2038.022634,58.3,197.4412336,3.186469365,32.44123363
495,17.41162179,24,36.96361814,-268980.1126,2020.611012,58.3,197.2195365,3.190051318,32.21953652
496,17.32207262,24,34.24948704,-269014.3621,2003.28894,58.3,196.9978394,3.193641333,31.99783942
497,17.23322659,24,31.53230151,-269045.8944,1986.055713,58.3,196.7761423,3.197239437,31.77614231
498,17.14508238,24,28.81205468,-269074.7065,1968.910631,58.3,196.5544452,3.200845658,31.5544452
499,17.05763864,24,26.08873964,-269100.7952,1951.852992,58.3,196.3327481,3.204460023,31.33274809
500,16.97089401,24,23.36234945,-269124.1576,1934.882098,58.3,196.111051,3.20808256,31.11105098
501,16.88484714,24,20.63287717,-269144.7904,1917.997251,58.3,195.8893539,3.211713296,30.88935387
502,16.79949666,24,17.90031581,-269162.6908,1901.197754,58.3,195.6847178,2.967651603,30.68471777
503,16.84500087,24,15.37540486,-269178.0662,1884.352753,58.3,195.5153036,2.458988807,30.5153036
504,17.16020202,24,13.28326987,-269191.3494,1867.192551,58.3,195.3820471,1.935491698,30.38204711
505,17.7524822,24,11.63653203,-269202.986,1849.440069,58.3,195.2651637,1.69869557,30.26516373
506,18.47076321,24,10.19126297,-269213.1772,1830.969306,58.3,195.1392393,1.831272287,30.13923931
507,19.12075787,24,8.63319616,-269221.8104,1811.848548,58.3,194.9942654,2.10986878,29.99426545
508,19.62584456,24,6.838096362,-269228.6485,1792.222704,58.3,194.84408,2.187399705,29.84408002
509,20.09190367,24,4.977032392,-269233.6256,1772.1308,58.3,194.7140686,1.894836519,29.7140686
510,20.71347213,24,3.364884431,-269236.9904,1751.417328,58.3,194.6181124,1.399192744,29.61811236
511,21.59702551,24,2.174435701,-269239.1649,1729.820302,58.3,194.5448469,1.068728505,29.54484686
512,22.65536431,24,1.265149616,-269240.43,1707.164938,55.3,194.4659757,1.150965786,29.46597565
513,23.62093595,24,0.3188899534,-269240.7489,1683.544002,52.3,194.3602673,1.543439302,29.36026726
514,24.29877683,24,-0.9023155438,-269239.8466,1659.245225,49.3,194.2333576,1.854208573,29.23335756
515,24.71078946,24,-0.9023155438,-269238.9443,1634.534436,46.3,194.1138884,1.746573256,29.11388839
516,25.1252518,24,-0.9023155438,-269238.042,1609.409184,43.3,193.9567098,2.299726937,28.95670976
517,25.07271227,24,-0.9023155438,-269237.1397,1584.336472,40.3,193.7589377,2.896614511,28.75893773
518,24.48469521,24,-0.9023155438,-269236.2373,1559.851776,37.3,193.5416457,3.186081221,28.54164575
519,23.57139117,24,-0.9023155438,-269235.335,1536.280385,34.3,193.332553,3.069173938,28.33255303
520,22.6570909,24,-0.9023155438,-269234.4327,1513.623294,31.3,193.1522736,2.648707701,28.15227355
521,22.0150183,12,-0.9023155438,-269233.5304,1491.608276,28.3,193.0070903,2.134670008,28.00709033
522,21.75662879,12,-0.9023155438,-269232.6281,1469.851647,25.3,192.8619071,2.136276952,27.8619071
523,21.44639716,12,-0.9023155438,-269231.7258,1448.40525,22.3,192.6475782,3.157219899,27.64757817
524,20.14644571,12,-0.9023155438,-269230.8234,1428.258804,19.3,192.4332492,3.160736358,27.43324923
525,18.78447881,12,-0.9023155438,-269229.9211,1409.474326,16.3,192.2189203,3.164260658,27.21892029
526,17.36854377,12,-0.9023155438,-269229.0188,1392.105782,13.3,192.0027958,3.194361838,27.00279575
527,15.88099741,12,-0.9023155438,-269228.1165,1376.224784,10.3,191.7964045,3.053785082,26.79640447
528,14.49756304,12,-0.9023155438,-269227.2142,1361.727221,7.3,191.6126347,2.721683317,26.61263466
529,13.41907957,12,-0.9023155438,-269226.3119,1348.308142,4.3,191.4559712,2.32212934,26.45597119
530,12.7246258,12,-0.9023155438,-269225.4095,1335.583516,1.3,191.3200225,2.0165181,26.32002251
531,12.32976581,12,-0.9023155438,-269224.5072,1323.25375,0,191.1923746,1.894657316,26.19237462
532,12.05624758,12,-0.9023155438,-269223.6049,1311.197503,0,191.0623934,1.930602457,26.06239343
533,11.74678421,12,-0.9023155438,-269222.7026,1299.450718,0,190.9265694,2.018821589,25.92656936
534,11.34910171,12,-0.9023155438,-269221.8003,1288.101617,0,190.7886364,2.051649935,25.78863636
535,10.91859086,12,-0.9023155438,-269220.898,1277.183026,0,190.6552634,1.985211069,25.65526336
536,10.55451887,12,-0.9023155438,-269219.9957,1266.628507,0,190.5309073,1.852205709,25.53090727
537,10.32345225,12,-0.9023155438,-269219.0933,1256.305055,0,190.4151993,1.724444969,25.41519927
538,10.22014636,12,-0.9023155438,-269218.191,1246.084908,0,190.3039446,1.659044652,25.30394459
539,10.1822408,12,-0.9023155438,-269217.2887,1235.902668,0,190.1923373,1.66527946,25.1923373
540,10.13810042,12,-0.9023155438,-269216.3864,1225.764567,0,190.0779072,1.708425662,25.07790723
541,10.05081384,12,-0.9023155438,-269215.4841,1215.713753,0,189.9614093,1.740365488,24.96140929
542,9.931587441,12,-0.9023155438,-269214.5818,1205.782166,0,189.8455304,1.732174125,24.84553039
543,9.820552401,12,-0.9023155438,-269213.6794,1195.961613,0,189.7326806,1.687898386,24.73268057
544,9.7537931,12,-0.9023155438,-269212.7771,1186.20782,0,189.6234409,1.634842982,24.62344087
545,9.740089202,12,-0.9023155438,-269211.8748,1176.467731,0,189.5164998,1.601346267,24.51649976
546,9.75988202,12,-0.9023155438,-269210.9725,1166.707849,0,189.4098034,1.598580633,24.40980344
547,9.782440472,12,-0.9023155438,-269210.0702,1156.925409,0,189.3019421,1.616955932,24.30194213
548,9.786623625,12,-0.9023155438,-269209.1679,1147.138785,0,189.1928506,1.636341543,24.19285059
549,9.771421166,12,-0.9023155438,-269208.2656,1137.367364,0,189.0835243,1.640810606,24.08352431
550,9.751749645,12,-0.9023155438,-269207.3632,1127.615614,0,188.9751338,1.627699499,23.97513378
551,9.74518923,12,-0.9023155438,-269206.4609,1117.870425,0,188.8682183,1.606457991,23.86821828
552,9.759870324,12,-0.9023155438,-269205.5586,1108.110555,0,188.7624496,1.590116561,23.76244962
553,9.790892848,12,-0.9023155438,-269204.6563,1098.319662,0,188.6569962,1.586263549,23.6569962
554,9.825768384,12,-0.9023155438,-269203.754,1088.493893,0,188.5511331,1.593320696,23.55113306
555,9.853586773,12,-0.9023155438,-269202.8517,1078.640307,0,188.4446618,1.603379399,23.44466176
556,9.871346459,12,-0.9023155438,-269201.9493,1068.76896,0,188.3379134,1.608462716,23.33791341
557,9.884022827,12,-0.9023155438,-269201.047,1058.884937,0,188.2314182,1.605556321,23.2314182
558,9.899605592,12,-0.9023155438,-269200.1447,1048.985332,0,188.1255184,1.597478138,23.12551842
559,9.923266538,12,-0.9023155438,-269199.2424,1039.062065,0,188.0201812,1.589881833,23.02018122
560,9.95452379,12,-0.9023155438,-269198.3401,1029.107541,0,187.9150888,1.587075006,22.91508877
561,9.988587869,12,-0.9023155438,-269197.4378,1019.118954,0,187.8098919,1.589541272,22.80989193
562,10.02018568,12,-0.9023155438,-269196.5355,1009.098768,0,187.7044333,1.594392738,22.70443327
563,10.04693203,12,-0.9023155438,-269195.6331,999.0518358,0,187.5988038,1.597874382,22.59880379
564,10.07019673,12,-0.9023155438,-269194.7308,988.9816391,0,187.4932309,1.597916961,22.49323094
565,10.09341885,12,-0.9023155438,-269193.8285,978.8882202,0,187.387903,1.595106436,22.38790299
566,10.1194515,12,-0.9023155438,-269192.9262,968.7687687,0,187.2828542,1.591770584,22.28285423
567,10.14882,12,-0.9023155438,-269192.0239,958.6199487,0,187.1779718,1.59014015,22.17797185
568,10.17981894,12,-0.9023155438,-269191.1216,948.4401298,0,187.0730955,1.590939888,22.07309551
569,10.21001814,12,-0.9023155438,-269190.2192,938.2301117,0,186.9681277,1.593221569,21.96812768
570,10.23793565,12,-0.9023155438,-269189.3169,927.992176,0,186.8630821,1.59529859,21.86308207
571,10.26377615,12,-0.9023155438,-269188.4146,917.7283999,0,186.7580515,1.595967339,21.75805149
572,10.28894789,12,-0.9023155438,-269187.5123,907.439452,0,186.6531318,1.595178627,21.6531318
573,10.31490835,12,-0.9023155438,-269186.61,897.1245436,0,186.5483591,1.593838621,21.54835908
574,10.34220881,12,-0.9023155438,-269185.7077,886.7823348,0,186.4436978,1.593037933,21.44369775
575,10.37030997,12,-0.9023155438,-269184.8053,876.4120248,0,186.339077,1.593314459,21.33907699
576,10.39813459,12,-0.9023155438,-269183.903,866.0138903,0,186.2344427,1.59441537,21.23444273
577,10.42485831,12,-0.9023155438,-269183.0007,855.5890319,0,186.1297887,1.595613067,21.12978872
578,10.45038432,12,-0.9023155438,-269182.0984,845.1386476,0,186.0251508,1.596264327,21.02515085
579,10.47525908,12,-0.9023155438,-269181.1961,834.6633885,0,185.9205756,1.59620643,20.92057559
580,10.50019174,12,-0.9023155438,-269180.2938,824.1631968,0,185.8160878,1.595767559,20.81608784
581,10.52556326,12,-0.9023155438,-269179.3915,813.6376335,0,185.711679,1.595459553,20.71167896
582,10.5512428,12,-0.9023155438,-269178.4891,803.0863907,0,185.6073188,1.595612042,20.60731878
583,10.57676984,12,-0.9023155438,-269177.5868,792.5096209,0,185.5029792,1.596194704,20.50297918
584,10.60171422,12,-0.9023155438,-269176.6845,781.9079067,0,185.3986518,1.596905853,20.3986518
585,10.62594745,12,-0.9023155438,-269175.7822,771.2819592,0,185.2943496,1.597419089,20.2943496
586,10.64966745,12,-0.9023155438,-269174.8799,760.6322918,0,185.1900944,1.597598624,20.19009436
587,10.67320791,12,-0.9023155438,-269173.9776,749.9590839,0,185.0859009,1.597550309,20.08590094
588,10.69679668,12,-0.9023155438,-269173.0752,739.2622872,0,184.981769,1.597506772,19.98176898
589,10.72042899,12,-0.9023155438,-269172.1729,728.5418582,0,184.8776861,1.597652468,19.87768611
590,10.74391561,12,-0.9023155438,-269171.2706,717.7979426,0,184.7736383,1.598013206,19.77363834
591,10.76704149,12,-0.9023155438,-269170.3683,707.0309011,0,184.6696194,1.598469415,19.66961945
592,10.78971116,12,-0.9023155438,-269169.466,696.24119,0,184.5656337,1.598861156,19.56563365
593,10.81198909,12,-0.9023155438,-269168.5637,685.4292009,0,184.4616909,1.599099503,19.46169093
594,10.83402867,12,-0.9023155438,-269167.6614,674.5951722,0,184.3577995,1.599210865,19.35779951
595,10.85595689,12,-0.9023155438,-269166.759,663.7392153,0,184.2539609,1.599298069,19.25396095
596,10.8777979,12,-0.9023155438,-269165.8567,652.8614174,0,184.1501704,1.599459078,19.15017043
597,10.89947791,12,-0.9023155438,-269164.9544,641.9619395,0,184.0464212,1.599724088,19.0464212
598,10.92089291,12,-0.9023155438,-269164.0521,631.0410466,0,183.9427094,1.600048485,18.9427094
599,10.94198351,12,-0.9023155438,-269163.1498,620.0990631,0,183.8390362,1.60035585,18.83903615
600,10.96276674,12,-0.9023155438,-269162.2475,609.1362963,0,183.7354059,1.600593716,18.73540594
601,10.98331211,12,-0.9023155438,-269161.3451,598.1529842,0,183.6318232,1.600763367,18.63182317
602,11.00368783,12,-0.9023155438,-269160.4428,587.1492964,0,183.5282894,1.600909052,18.52828939
603,11.02391786,12,-0.9023155438,-269159.5405,576.1253785,0,183.4248029,1.601081118,18.42480286
604,11.04397583,12,-0.9023155438,-269158.6382,565.0814027,0,183.3213604,1.601301946,18.32136042
605,11.06381297,12,-0.9023155438,-269157.7359,554.0175897,0,183.2179599,1.601556437,18.2179599
606,11.08339562,12,-0.9023155438,-269156.8336,542.9341941,0,183.1146014,1.601808775,18.11460144
607,11.10272593,12,-0.9023155438,-269155.9313,531.8314682,0,183.011287,1.602029705,18.01128703
608,11.12183531,12,-0.9023155438,-269155.0289,520.7096329,0,182.908019,1.602214536,17.90801902
609,11.14075986,12,-0.9023155438,-269154.1266,509.568873,0,182.8047985,1.602381759,17.8047985
610,11.15951718,12,-0.9023155438,-269153.2243,498.4093558,0,182.701625,1.602556703,17.70162499
611,11.17809956,12,-0.9023155438,-269152.322,487.2312563,0,182.598497,1.602753649,17.59849703
612,11.196485,12,-0.9023155438,-269151.4197,476.0347713,0,182.4954135,1.60296844,17.49541349
613,11.21465564,12,-0.9023155438,-269150.5174,464.8201156,0,182.3923743,1.603184551,17.39237425
614,11.23261018,12,-0.9023155438,-269149.615,453.5875055,0,182.2893802,1.603386212,17.28938025
615,11.25036305,12,-0.9023155438,-269148.7127,442.3371424,0,182.1864327,1.603568681,17.1864327
616,11.26793345,12,-0.9023155438,-269147.8104,431.069209,0,182.0835323,1.603739412,17.08353234
617,11.28533313,12,-0.9023155438,-269146.9081,419.7838758,0,181.9806791,1.603910973,16.9806791
618,11.30256124,12,-0.9023155438,-269146.0058,408.4813146,0,181.8778724,1.60409184,16.87787238
619,11.31960848,12,-0.9023155438,-269145.1035,397.1617061,0,181.7751116,1.604281535,16.77511159
620,11.33646603,12,-0.9023155438,-269144.2012,385.8252401,0,181.6723966,1.604472537,16.67239664
621,11.35313258,12,-0.9023155438,-269143.2988,374.4721075,0,181.569728,1.604656519,16.56972796
622,11.36961515,12,-0.9023155438,-269142.3965,363.1024923,0,181.4671062,1.604830023,16.46710622
623,11.38592421,12,-0.9023155438,-269141.4942,351.7165681,0,181.3645319,1.604995906,16.36453189
624,11.40206739,12,-0.9023155438,-269140.5919,340.3145008,0,181.262005,1.605160352,16.26200503
625,11.41804612,12,-0.9023155438,-269139.6896,328.8964546,0,181.1595254,1.605328198,16.15952543
626,11.43385701,12,-0.9023155438,-269138.7873,317.4625976,0,181.0570928,1.605499964,16.05709281
627,11.44949613,12,-0.9023155438,-269137.8849,306.0131015,0,180.9547071,1.605672274,15.95470713
628,11.46496294,12,-0.9023155438,-269136.9826,294.5481386,0,180.8523686,1.605840788,15.85236862
629,11.48026123,12,-0.9023155438,-269136.0803,283.0678773,0,180.7500776,1.606003273,15.75007764
630,11.49539705,12,-0.9023155438,-269135.178,271.5724803,0,180.6478345,1.606160738,15.64783449
631,11.51037539,12,-0.9023155438,-269134.2757,260.0621049,0,180.5456393,1.606316216,15.5456393
632,11.52519826,12,-0.9023155438,-269133.3734,248.5369066,0,180.443492,1.606472406,15.44349199
633,11.53986494,12,-0.9023155438,-269132.471,236.9970417,0,180.3413925,1.606629937,15.34139248
634,11.55437409,12,-0.9023155438,-269131.5687,225.4426676,0,180.2393407,1.606787316,15.23934074
635,11.56872586,12,-0.9023155438,-269130.6664,213.8739417,0,180.1373369,1.606942297,15.13733691
636,11.58292265,12,-0.9023155438,-269129.7641,202.2910191,0,180.0353812,1.607093527,15.03538123
637,11.5969682,6,-0.9023155438,-269128.8618,190.6940509,0,179.9334739,1.607241308,14.93347389
638,11.61086598,6,-0.9023155438,-269127.9595,179.0831849,0,179.8315665,1.608152103,14.83156655
639,11.62385296,6,-0.9023155438,-269127.0572,167.459332,0,179.6889485,2.252375511,14.68894847
640,10.99261654,6,-0.9023155438,-269126.1548,156.4667154,0,179.5052591,2.903984703,14.50525914
641,9.709770918,6,-0.9023155438,-269125.2525,146.7569445,0,179.3130337,3.042191658,14.3130337
642,8.288718345,6,-0.9023155438,-269124.3502,138.4682262,0,179.1495604,2.589516667,14.14956038
643,7.320340763,6,-0.9023155438,-269123.4479,131.1478854,0,179.0303474,1.889662813,14.03034744
644,7.051817034,6,-0.9023155438,-269122.5456,124.0960684,0,178.9417177,1.405580152,13.94171767
645,7.267375967,6,-0.9023155438,-269121.6433,116.8286924,0,178.854376,1.385829142,13.85437596
646,7.50268591,6,-0.9023155438,-269120.7409,109.3260065,0,178.7453691,1.730639306,13.74536911
647,7.393185688,6,-0.9023155438,-269119.8386,101.9328208,0,178.612213,2.115618891,13.61221303
648,6.898705882,6,-0.9023155438,-269118.9363,95.03411491,0,178.4709139,2.246775753,13.47091386
649,6.273069214,6,-0.9023155438,-269118.034,88.76104569,0,178.3418582,2.053578994,13.34185818
650,5.840629305,6,-0.9023155438,-269117.1317,82.92041639,0,178.235078,1.700141429,13.235078
651,5.76162696,6,-0.9023155438,-269116.2294,77.15878943,0,178.1449461,1.435794901,13.14494614
652,5.946971144,6,-0.9023155438,-269115.3271,71.21181829,0,178.0563721,1.411680842,13.05637209
653,6.156429387,6,-0.9023155438,-269114.4247,65.0553889,0,177.9564481,1.59346876,12.95644812
654,6.184099712,6,-0.9023155438,-269113.5224,58.87128919,0,177.8427582,1.81415018,12.84275823
655,5.991088617,6,-0.9023155438,-269112.6201,52.88020057,0,177.7232374,1.908477793,12.72323736
656,5.703749909,2,-0.9023155438,-269111.7178,47.17645066,0,177.6090299,1.824807225,12.6090299
657,5.500081768,2,-0.9023155438,-269110.8155,41.67636889,0,177.4948224,1.825981381,12.49482244
658,5.295239472,2,-0.9023155438,-269109.9132,36.38112942,0,177.3626721,2.114431733,12.36267209
659,4.801946823,2,-0.9023155438,-269109.0108,31.5791826,0,177.2138359,2.383409178,12.21383586
660,4.03967673,2,-0.9023155438,-269108.1085,27.53950587,0,177.0642798,2.396959788,12.06427976
661,3.263856028,2,-0.9023155438,-269107.2062,24.27564984,0,176.9309474,2.138550311,11.93094736
662,2.746444801,2,-0.9023155438,-269106.3039,21.52920504,0,176.8195832,1.787321539,11.8195832
663,2.580262347,2,-0.9023155438,-269105.4016,18.94894269,0,176.7221702,1.564275884,11.72217022
664,2.637125548,2,-0.9023155438,-269104.4993,16.31181714,0,176.6242421,1.573420013,11.6242421
665,2.68484462,2,-0.9023155438,-269103.597,13.62697252,0,176.5155346,1.74768953,11.51553457
666,2.558294175,2,-0.9023155438,-269102.6946,11.06867835,0,176.3961503,1.920638368,11.39615029
667,2.258794892,2,-0.9023155438,-269101.7923,8.809883457,0,176.2746926,1.955341911,11.27469258
668,1.924592066,2,-0.9023155438,-269100.89,6.885291391,0,176.1608779,1.833481206,11.16087788
669,1.712249945,2,-0.9023155438,-269099.9877,5.173041446,0,176.0585379,1.649588581,11.05853794
670,1.683800449,2,-0.9023155438,-269099.0854,3.489240997,0,175.9637556,1.528592682,10.9637556
671,1.776346852,2,-0.9023155438,-269098.1831,1.712894146,0,175.8686367,1.534850929,10.86863666
672,1.862635007,2,-0.9023155438,-269097.2807,-0.1497408618,0,175.7672675,1.636648153,10.76726752